{
  "timestamp": "2026-01-14T12:24:49.392112",
  "reference_period": "training_data",
  "current_period": "last_7_days",
  "reference_samples": 8000,
  "current_samples": 2000,
  "feature_drift": {
    "account_age_days": {
      "psi": 0.0068617316748213536,
      "ks_statistic": 0.0195,
      "ks_p_value": 0.5729312306982475,
      "mean_shift": 0.02987309627837824,
      "drift_detected": 